{
  "_format": "hh-sol-cache-2",
  "files": {
    "C:\\Users\\narra\\Documents\\redesigned\\frontend\\contracts\\Escrow.sol": {
      "lastModificationDate": 1705150312181,
      "contentHash": "cde1d2c63f7a7ac1559dfaa99a56d538",
      "sourceName": "contracts/Escrow.sol",
      "solcConfig": {
        "version": "0.8.19",
        "settings": {
          "optimizer": {
            "enabled": false,
            "runs": 200
          },
          "outputSelection": {
            "*": {
              "*": [
                "abi",
                "evm.bytecode",
                "evm.deployedBytecode",
                "evm.methodIdentifiers",
                "metadata"
              ],
              "": [
                "ast"
              ]
            }
          }
        }
      },
      "imports": [],
      "versionPragmas": [
        "^0.8.19"
      ],
      "artifacts": [
        "Escrow"
      ]
    },
    "C:\\Users\\narra\\Documents\\redesigned\\frontend\\contracts\\Marketplace.sol": {
      "lastModificationDate": 1705154762750,
      "contentHash": "6b7f895ce599983de1b1528feee36e80",
      "sourceName": "contracts/Marketplace.sol",
      "solcConfig": {
        "version": "0.8.19",
        "settings": {
          "optimizer": {
            "enabled": false,
            "runs": 200
          },
          "outputSelection": {
            "*": {
              "*": [
                "abi",
                "evm.bytecode",
                "evm.deployedBytecode",
                "evm.methodIdentifiers",
                "metadata"
              ],
              "": [
                "ast"
              ]
            }
          }
        }
      },
      "imports": [
        "./Escrow.sol"
      ],
      "versionPragmas": [
        "^0.8.19"
      ],
      "artifacts": [
        "Marketplace"
      ]
    },
    "C:\\Users\\narra\\Documents\\redesigned\\frontend\\contracts\\Lock.sol": {
      "lastModificationDate": 1705151539722,
      "contentHash": "ae66265769cc28ebdaa34881df95bc5e",
      "sourceName": "contracts/Lock.sol",
      "solcConfig": {
        "version": "0.8.19",
        "settings": {
          "optimizer": {
            "enabled": false,
            "runs": 200
          },
          "outputSelection": {
            "*": {
              "*": [
                "abi",
                "evm.bytecode",
                "evm.deployedBytecode",
                "evm.methodIdentifiers",
                "metadata"
              ],
              "": [
                "ast"
              ]
            }
          }
        }
      },
      "imports": [],
      "versionPragmas": [
        "^0.8.9"
      ],
      "artifacts": [
        "Lock"
      ]
    }
  }
}
